Forster SE, Carter CS, Cohen JD, Cho RY.		Parametric manipulation of the conflict signal and control-state adaptation.	Journal of Cognitive Neuroscience.
Hyman SE & Cohen JD.		Disorders of thought and volition: Schizophrenia. In Kandel ER, Schwartz JH & Jessell TM (Eds.),	Principles of Neural Science, Fifth Ed., New York: McGraw-Hill.
Hyman SE & Cohen JD.		Disorders of mood and anxiety. In Kandel ER, Schwartz JH & Jessell TM (Eds.),	Principles of Neural Science, Fifth Ed., New York: McGraw-Hill.
Lenartowicz A, Yeung N, & Cohen JD.		No-go trials can modulate switch cost by interfering with effects of task preparation.	Psychological Research.
Bogacz R, Hu PT, Holmes P & Cohen JD.	2010	Do humans produce the speed-accuracy tradeoff that maximizes reward rate?	Quarterly Journal of Experimental Psychology, 63, 863-891.
Gilzenrat MS, Nieuwenhuis S & Cohen JD.	2010	Pupil diameter tracks changes in control state predicted by the adaptive gain theory of locus coeruleus function.	Cognitive, Affective and Behavioral Neuroscience, 10, 252-269.
Lenartowicz A, Escobedo-Quiroz R, & Cohen JD.	2010	Updating of context in working memory: an event-related potential study	Cognitive, Affective and Behavioral Neuroscience, 10, 298-315.
Schurger A, Pereira F, Treisman A, Cohen JD.	2010	Reproducibility distinguishes conscious from nonconscious neural representations.	Science, 327, 97-99.
Wong-Lin KF, Eckhoff P, Holmes P, & Cohen JD.	2010	Optimal performance in a countermanding saccade task.	Brain Research, 1318, 178-187.
Barch DM, Carter CS, Arnsten A, Buchanan RW, Cohen JD, Geyer M, Green MF, Krystal JH, Nuechterlein K, Robbins T, Silverstein S, Smith EE, Strauss M, Wykes T, & Heinssen R.	2009	Selecting paradigms from cognitive neuroscience for translation into use in clinical trials: Proceedings of the third CNTRICS meeting.	Schizophrenia Bulletin, 35, 109-14.
Cho RY, Orr JM, Cohen JD, & Carter CS.	2009	Generalized signaling for control: Evidence from postconflict and posterror performance adjustments.	Journal of Experimental Psychology: Human Perception and Performance, 35, 1161-1177.
Daubechies I, Roussos E, Takerkart S, Benharrosh M, Golden C, D'Ardenne K, Richter W, Cohen JD, & Haxby J.	2009	Independent component analysis for brain fMRI does not select for independence.	Proceedings of the National Academy of Sciences USA, 106, 10415-10422.
Gao J, Wong-Lin KF, Holmes P, Simen P, & Cohen JD.	2009	Sequential effects in two-choice reaction time tasks: Decomposition and synthesis of mechanisms.	Neural computation, 21, 2407-2436.
Greene JD, Cushman FA, Stewart LE, Lowenberg K, Nystrom LE & Cohen JD.	2009	Pushing moral buttons: The interaction between personal force and intention in moral judgment.	Cognition, 111, 364-371.
Simen P & Cohen JD.	2009	Explicit melioration by a neural diffusion model.	Brain Research, 1299, 95-117.
Simen P, Contreras D, Buck C, Hu P, Holmes P, & Cohen JD.	2009	Reward rate optimization in two-alternative decision making: empirical tests of theoretical predictions.	Journal of Experimental Psychology: Human Perception and Performance, 35, 1865-1897.
Yu AJ, Dayan P, & Cohen JD.	2009	Dynamics of attentional selection under conflict: Toward a rational Bayesian account.	Journal of Experimental Psychology: Human Perception and Performance, 35, 700-717.
Yu AJ & Cohen JD.	2009	Sequential effects: Superstition or rational behavior?	In Advances in Neural Information Processing Systems, 21, (pp. 1873-1880). MIT Press, Cambridge, MA.
Cohen JD & Insel TR.	2008	Cognitive neuroscience and schizophrenia: Translational research in need of a translator.	Biological Psychiatry, 64, 2-3.
D'Ardenne, K, McClure, SM, Nystrom, LE, & Cohen, JD.	2008	BOLD responses reflecting dopaminergic signals in the human ventral tegmental area.	Science, 319, 1264-1267.
Fales CL, Barch DM, Rundle MM, Mintun MA, Snyder AZ, Cohen JD, Mathews J, & Sheline YI.	2008	Altered emotional interference processing in affective and cognitive-control brain circuitry in major depression.	Biological Psychiatry, 63, 377-384.
Greene JD, Morelli SA, Lowenberg K, Nystrom LE, & Cohen JD.	2008	Cognitive load selectively interferes with utilitarian moral judgment.	Cognition, 107, 1144-1154.
Kroger JK, Nystrom LE, Cohen JD, & Johnson-Laird PN.	2008	Distinct neural substrates for deductive and mathematical processing.	Brain Research, 1243, 83-103.
Liu Y, Holmes P, & Cohen JD.	2008	A neural network model of the Eriksen task: Reduction, analysis, and data fitting.	Neural Computation, 10, 345-373.
Loewenstein G, Rick S, & Cohen JD.	2008	Neuroeconomics	Annual Review of Psychology, 59, 647-672.
Nuechterlein KH, Green MF, Kern RS, Baade LE, Barch DM, Cohen JD, Essock S, Fenton WS, Frese FJ, Gold JM, Goldberg T, Heaton RK, Keefe RS, Kraemer H, Mesholam-Gately R, Seidman LJ, Stover E, Weinberger DR, Young AS, Zalcman S, & Marder SR.	2008	The MATRICS consensus cognitive battery, part 1: Test selection, reliability, and validity.	The American Journal of Psychiatry, 165, 203-213.
Pochon JB, Riis J, Sanfey A, Nystrom LE, & Cohen JD.	2008	Functional imaging of decision conflict.	Journal of Neuroscience, 28, 3468-3473.
Schurger A, Cowey A, Cohen JD, Treisman A, & Tallon-Baudry C	2008	Distinct and independent correlates of attention and awareness in a hemianopic patient.	Neuropsychologia, 46, 2189-2197.
Shea-Brown E, Gilzenrat MS, & Cohen JD.	2008	Optimization of decision making in multilayer networks: The role of locus coeruleus.	Neural Computation, 20, 2863-2894.
Simen P, Holmes P, & Cohen JD.	2008	On the neural implementation of optimal decisions.	In Morsella E, Bargh JA & Gollwitzer PM (eds.), Oxford Handbook of Human Action, (pp. 534-549). Oxford University Press: Oxford, UK.
van den Bos W, Li J, Lau T, Maskin E, Cohen JD, Montague, PR, & McClure SM.	2008	The value of victory: social origins of the winner's curse in common value auctions.	Judgment and Decision Making, 3, 483-492.
Aston-Jones G, Iba M, Clayton E, Rajkowski J, & Cohen JD.	2007	Locus coeruleus and regulation of behavioral flexibility and attention: Clinical implications.	In Ordway GA, Schwartz M & Frazer A (eds.), Norepinephrine: Neurobiology and Therapeutics for the 21st Century, (pp. 196-235). Cambridge University Press: Cambridge, UK.
Bogacz R, McClure SM, Li J, Cohen JD, & Montague PR.	2007	Short-term memory traces for action bias in human reinforcement learning.	Brain Research, 1153, 111-121.
Cohen JD, McClure SM & Yu AJ	2007	Should I stay or should I go? How the human brain manages the tradeoff between exploitation and exploration.	Philosophical Transactions of the Royal Society of London Series B (Biological Sciences), 362, 933-942.
Harris LT, McClure SM, van den Bos W, Cohen JD, & Fiske ST	2007	Regions of the MPFC differentially tuned to social and nonsocial affective evaluation.	Cognitive, Affective & Behavioral Neuroscience, 7, 309-316.
McClure SM, Botvinick MM, Yeung N, Greene JD & Cohen JD	2007	Conflict monitoring in cognition-emotion competition.	In Gross JJ (Ed.), Handbook of Emotion Regulation, (pp. 204-228). New York: Guilford Press.
McClure SM, Ericson KM, Laibson DI, Loewenstein G, & Cohen JD.	2007	Time discounting for primary rewards.	Journal of Neuroscience, 27, 5796-5804.
van den Bos W, McClure SM, Harris LT, Fiske ST, & Cohen JD.	2007	Dissociating affective evaluation and social cognitive processes in the ventral medial prefrontal cortex.	Cognitive, Affective & Behavioral Neuroscience, 7, 337-346.
Yeung N, Bogacz R, Holroyd CB, Nieuwenhuis S & Cohen JD.	2007	Theta phase resetting and the error-related negativity.	Psychophysiology, 44, 39-49.
Bishop SJ, Cohen JD, Fossella J, Casey BJ & Farah MJ.	2006	COMT genotype influences prefrontal response to emotional distraction.	Cognitive, Affective, & Behavioral Neuroscience, 6, 62-70.
Bogacz R, Brown E, Moehlis J, Holmes P & Cohen JD.	2006	The physics of optimal decision making: A formal analysis of models of performance in two-alternative forced choice tasks.	Psychological Review, 113, 700-765.
McClure SM, Gilzenrat MS & Cohen JD.	2006	An exploration-exploitation model based on norepinepherine and dopamine activity.	Advances in Neural Information Processing Systems, 18.
Montague PR, King-Casas B & Cohen JD.	2006	Imaging valuation models in human choice.	Annual Review of Neuroscience, 29, 417-448.
Nitschke JB, Dixon GE, Sarinopoulos I, Short SJ, Cohen JD, Smith EE, Kosslyn SM, Rose RM, & Davidson RJ.	2006	Altering expectancy dampens neural response to aversive taste in primary taste cortex.	Nature Neuroscience, 9, 435-442.
Pizzagalli DA, Peccoralo LA, Davidson RJ & Cohen JD.	2006	Resting anterior cingulate activity and abnormal responses to errors in subjects with elevated depressive symptoms: A 128-channel EEG study.	Human Brain Mapping, 27, 185-201.
Sanfey AG, Loewenstein G, McClure SM & Cohen JD.	2006	Neuroeconomics: cross-currents in research on decision-making.	Trends in Cognitive Sciences, 10, 108-116.
Simen P, Cohen J & Holmes P.	2006	Rapid decision threshold modulation by reward rate in a neural network.	Neural Networks, 19, 1013-1026.
Yeung N & Cohen JD.	2006	The impact of cognitive deficits on conflict monitoring: Predictable dissociations between the ERN and N2.	Psychological Science, 17, 164-171.
Yeung N, Nystrom LE, Aronson JA & Cohen JD	2006	Between-task competition and cognitive control in task switching.	Journal of Neuroscience, 26, 1429-1438.
Aston-Jones G & Cohen JD.	2005	An integrative theory of locus coeruleus-norepinephrine function: Adaptive gain and optimal performance.	Annual Review of Neuroscience, 28, 403-450.
Aston-Jones G & Cohen JD.	2005	Adaptive gain and the role of the locus coeruleus-norepinephrine system in optimal performance.	Journal of Comparative Neurology, 493, 99-110.
Brown ET, Gao J, Holmes P, Bogacz R, Gilzenrat M & Cohen JD.	2005	Simple neural networks that optimize decisions.	International Journal of Bifurcation and Chaos, 15, 803-826.
Cohen JD.	2005	The vulcanization of the human brain: A neural perspective on interactions between cognition and emotion.	Journal of Economic Perspectives, 19, 3-24.
Cohen JD, Aston-Jones G.	2005	Cognitive neuroscience: decision amid uncertainty.	Nature, 436, 471-472.
Holmes P, Shea-Brown E, Moehlis J, Bogacz R, Gao J, Aston-Jones G, Clayton E, Rajkowski J & Cohen JD.	2005	Optimal decisions: From neural spikes, through stochastic differential equations, to behavior.	IEICE Transactions on Fundamentals of Electronics, Communications and Computer Science, E88-A, 2496-2503.
Holmes AJ, MacDonald A 3rd, Carter CS, Barch DM, Andrew Stenger V, Cohen JD.	2005	Prefrontal functioning during context processing in schizophrenia and major depression: an event-related fMRI study.	Schizophrenia Research, 76, 199-206.
Holroyd CB, Yeung N, Coles MGH & Cohen JD.	2005	A mechanism for error detection in speeded response time tasks.	Journal of Experimental Psychology:General, 134, 163-191.
Kerns JG, Cohen JD, Macdonald III AW, Johnson MK, Stenger VA, Aizenstein H & Carter CS.	2005	Decreased conflict- and error-related activity in the anterior cingulate cortex in subjects with schizophrenia.	American Journal of Psychiatry, 162, 1833-1839.
MacDonald III A, Carter CS, Kerns J, Ursu S, Barch DM, Holmes A, Stenger VA & Cohen JD.	2005	Specificity of prefrontal dysfunction and context processing deficits to schizophrenia in a never medicated first-episode psychotic sample.	American Journal of Psychiatry, 162, 475-484.
Nieuwenhuis S, Aston-Jones G & Cohen JD.	2005	Decision making, the P3, and the locus coeruleus-norepinephrine system.	Psychological Bulletin, 131, 510-513.
Nieuwenhuis S, Gilzenrat MS, Holmes BD, & Cohen JD.	2005	The role of the locus coeruleus in mediating the attentional blink: A neurocomputational theory.	Journal of Experimental Psychology: General, 134, 291-307.
Polyn SM, Natu VS, Cohen JD, & Norman KA.	2005	Category-specific cortical activity precedes retrieval during memory search.	Science, 310, 1963-1966.
Rougier NP, Noelle DC, Braver TS, Cohen JD & O'Reilly RC.	2005	Prefrontal cortex and the flexibility of cognitive control: Rules without symbols.	Proceedings of the National Academy of Sciences USA, 102, 7338-7343.
Snitz BE, MacDonald A 3rd, Cohen JD, Cho RY, Becker T, & Carter CS.	2005	Lateral and medial hypofrontality in first-episode schizophrenia: functional activity in a medication-naive state and effects of short-term atypical antipsychotic treatment.	American Journal of Psychiatry, 162, 2322-2329.
Yeung N, Holroyd CB & Cohen JD.	2005	ERP correlates of feedback and reward processing in the presence and absence of response choice.	Cerebral Cortex, 15, 535-544.
Barch DM, Carter CS, & Cohen JD.	2004	Factors influencing Stroop performance in schizophrenia.	Neuropsychology, 18, 477-484.
Bogacz R & Cohen JD	2004	Parameterization of connectionist models.	Behavioral Research Methods, Instruments & Computers, 36, 732-741.
Botvinick, MM, Braver, TS, Yeung, N, Ullsperger, M, Carter, CS, & Cohen, JD.	2004	Conflict monitoring: computational and empirical studies.	In M.I. Posner (ed.), Cognitive Neuroscience of Attention, (pp. 91-102). New York, NY: Guilford Press.
Botvinick MM, Cohen JD, & Carter CS.	2004	Conflict monitoring and anterior cingulate cortex: An update.	Trends in Cognitive Sciences, 12, 539-546.
Clayton EC, Rajkowski J, Cohen JD, & Aston-Jones G.	2004	Phasic activation of monkey locus ceruleus neurons by simple decisions in a forced-choice task.	J Neuroscience, 24, 9914-9920.
Carter CS, Kerns JG & Cohen JD.	2004	Cognitive neuroscience: Bridging thinking and feeling to the brain, and its implications for psychiatry.	In Charney DS & Nestler EJ (eds.), Neurobiology of Mental Illness, Oxford University Press: Oxford.
Cohen JD, Aston-Jones G, & Gilzenrat MS.	2004	A systems level theory on attention and cognitive control.	In M.I. Posner (ed.), Cognitive Neuroscience of Attention, (pp. 71-90). New York, NY: Guilford Press.
Green MF, Nuechterlein KH, Gold JM, Barch DM, Cohen JD, Essock S, Fenton WS, Frese F, Goldberg TE, Heaton RK, Keefe RSE, Kern RS, Kraemer H, Stover E, Weinberger DR, Zalcman S, Marder SR	2004	Approaching a consensus cognitive battery for clinical trials in schizophrenia: The NIMH-MATRICS conference to select cognitive domains and test criteria.	Biological Psychiatry, 56, 301-307.
Greene JD, Nystrom LE, Engell AD, Darley JM, & Cohen JD.	2004	The neural bases of cognitive conflict and control in moral judgment.	Neuron, 44, 389-400.
Holroyd CB, Larsen JT, & Cohen JD.	2004	Context dependence of the event-related brain potential associated with reward and punishment.	Psychophysiology, 41, 245-253.
Holroyd CB, Nieuwenhuis S, Yeung N, Nystrom L, Mars RB, Coles MG, & Cohen JD.	2004	Dorsal anterior cingulate cortex shows fMRI response to internal and external error signals.	Nature Neuroscience, 7(5), 497-498.
Kerns JG, Cohen JD, MacDonald III AW, Cho RY, Stenger VA, & Carter CS.	2004	Anterior cingulate conflict monitoring and adjustments in control.	Science, 303, 1023-1026.
Kerns JG, Cohen JD, Stenger VA, & Carter CS.	2004	Prefrontal cortex guides context-appropriate responding during language production.	Neuron, 43, 283-291.
McClure SM, Laibson DI, Loewenstein G, & Cohen JD.	2004	Separate neural systems value immediate and delayed monetary rewards.	Science, 306, 503-507.
Montague PR, Hyman SE, & Cohen JD.	2004	Computational roles for dopamine in behavioural control. Nature, 431, 760-767.
Nieuwenhuis S, Yeung N, & Cohen JD.	2004	Stimulus modality, perceptual overlap, and the go/no-go N2.	Psychophysiology, 41, 157-160.
Nieuwenhuis S, Yeung N, Holroyd CB, Schurger A, & Cohen JD.	2004	Sensitivity of electrophysiological activity from medial frontal cortex to utilitarian and performance feedback.	Cerebral Cortex, 14(7), 741-747.
Rilling JK, Sanfey AG, Aronson JA, Nystrom LE, & Cohen JD.	2004	The neural correlates of theory of mind within interpersonal interactions.	NeuroImage, 22, 1694-1703.
Rilling JK, Sanfey AG, Aronson JA, Nystrom LE, & Cohen JD.	2004	Opposing BOLD responses to reciprocated and unreciprocated altruism in putative reward pathways.	Neuroreport, 15, 2539-2243.
Sanfey AG & Cohen JD.	2004	Is knowing always feeling?	Proc Natl Acad Sci USA, 101, 16709-16710.
van Veen V, Holroyd CB, Cohen JD, Stenger VA, & Carter CS.	2004	Errors without conflict: Implications for performance monitoring theories of anterior cingulate cortex.	Brain Cogn., 56, 267-276.
Wager TD, Rilling JK, Smith EE, Sokolik A, Casey KL, Davidson RJ, Kosslyn SM, Rose RM, & Cohen JD.	2004	Placebo-induced changes in fMRI in the anticipation and experience of pain.	Science, 303, 1162-1167.
Yeung N, Bogacz R, Holroyd CB, & Cohen JD.	2004	Detection of synchronized oscillations in the electroencephalogram: An evaluation of methods.	Psychophysiology, 41, 822-832.
Yeung N, Botvinick MM, & Cohen JD.	2004	The neural basis of error detection: Conflict monitoring and the error-related negativity.	Psychological Review, 111, 931-959.
Barch DM, Carter CS, MacDonald AW, Braver TS, & Cohen JD.	2003	Context-processing deficits in schizophrenia: Diagnostic specificity, 4-week course, and relationships to clinical symptoms.	Journal of Abnormal Psychology, 112(1), 132-143.
Fissell K, Tseytlin E, Cunningham D, Iyer K, Carter CS, Schneider W, & Cohen JD.	2003	Fiswidgets: a graphical computing environment for neuroimaging analysis.	Neuroinformatics, 1, 111-125.
Holroyd CB, Nieuwenhuis S, Yeung N & Cohen JD.	2003	Errors in reward prediction are reflected in the event-related brain potential.	NeuroReport, 14(18), 2481-2484.
Nieuwenhuis S, Yeung N, & Cohen JD.	2003	A computational simulation of electrophysiological markers of anterior cingulate function in a go/nogo task.	CSBMB.Conte.03.01. Princeton NJ: Princeton University.
Perlstein WM, Dixit NK, Carter CS, Noll DC & Cohen JD.	2003	Prefrontal cortex dysfunction mediates deficits in working memory and prepotent responding in schizophrenia.	Biological Psychiatry, 53, 25-38.
Sanfey AG, Rilling JK, Aronson JA, Nystrom LE, & Cohen JD.	2003	The neural basis of economic decision-making in the Ultimatum Game.	Science, 300, 1755-1758.
Aston-Jones G, Rajkowski J & Cohen JD.	2002	Role of the locus coeruleus-norepinephrine system in attention and behavioral flexibility.	In McCarty (ed.), Catecholamine Research: From Molecular Insights to Clinical Medicine, Kluwer Acaademic/Plenum Publ: New York, pp. 357-361.
Bogacz R, & Cohen JD.	2002	Parameterization of connectionist models.	CSBMB.Conte.02.01. Princeton NJ: Princeton University.
Cho RY, Nystrom LE, Brown ET, Jones AD, Braver TS, Holmes PJ, & Cohen JD.	2002	Mechanisms underlying dependencies of performance on stimulus history in a two-alternative forced-choice task.	Cognitive, Affective, & Behavioral Neuroscience, 2(4), 283-299(17).
Cohen JD, & Blum KI.	2002	Reward and Decision.	Neuron, 36, 193-198.
Cohen JD, Braver TS & Brown JW.	2002	Computational perspectives on dopamine function in prefrontal cortex.	Current Opinion in Neurobiology, 12, 223-229.
Gilzenrat MS, Holmes BD, Rajkowski J, Aston-Jones G, & Cohen JD.	2002	Simplified dynamics in a model of noradrenergic modulation of cognitive performance.	Neural Networks, 15, 647-663.
Jones AD, Cho RY, Nystrom LE, Cohen JD, & Braver TS.	2002	A computational model of anterior cingulate function in speeded response tasks: Effects of frequency, sequence, and conflict.	Cognitive, Affective, & Behavioral Neuroscience, 2(4), 300-317(18).
Montague PR, Berns GS, Cohen JD, McClure SM, Pagnoni G, Dhamala M, Wiest MC, Karpov I, King RD, Apple N, Fisher RE.	2002	Hyperscanning: Simultaneous fMRI during linked social interactions.	NeuroImage, 16, 1159-1164.
O'Reilly RC, Noelle DC, Braver TS, & Cohen JD.	2002	PFC and dynamic categorization tasks.	Cerebral Cortex, 12, 246-257.
Barch DM, Carter CS, Braver TS, Sabb FW, MacDonald A, Noll, & Cohen JD.	2001	Selective deficits in prefrontal cortex function in medication-naive patients with schizophrenia.	Archives of Gen Psychiatry, 58, 280-88.
Botvinick MM, Braver TS, Barch DM, Carter CS, & Cohen JD.	2001	Conflict monitoring and cognitive control.	Psychological Review, 108(3), 624-652.
Braver TS, Barch DM, Keys BA, Carter CS, Cohen JD, Kaye JA, Janowsky JS, Taylor SF, Yesavage JA, & Mumenthaler MS.	2001	Context processing in older adults: Evidence for a theory relating cognitive control to neurobiology in healthy aging.	Journal of Experimental Psychology, 130(4).
Braver TS, & Cohen JD.	2001	Working memory, cognitive control, and the prefrontal cortex: Computational and empirical studies.	Cognitive Processing, 2, 25-55.
Casey BJ, Forman SD, Franzen P, Berkowitz A, Braver TS, Nystrom LE, Thomas KM, & Noll DC.	2001	Sensitivity of prefrontal cortex to changes in target probability: A functional MRI study.	Human Brain Mapping, 13(1), 26-33.
Cohen JD, & Tong F.	2001	The face controversy: Modular vs distributed representations in the brain.	Science, 293, 2405-2407.
Greene JD, Sommerville RB, Nystrom LE, Darley JM, & Cohen JD.	2001	An fMRI investigation of emotional engagement in moral judgment.	Science, 293, 2105-2108.
Miller EK, & Cohen JD.	2001	Integrative theory of PFC function.	Annual Review of Neuroscience, 24, 167-202.
The Governing Council of the Organization for Human Brain Mapping.	2001	Neuroimaging databases.	Science, 292, 1673-76.
Perlstein WM, Carter CS, Noll DC, Cohen JD.	2001	Relation of prefrontal cortex dysfunction to working memory and symptoms in schizophrenia.	American Journal of Psychiatry, 158(7), 1105-1113.
van Veen V, Cohen JD, Botvinick MM, Stenger VA, & Carter CS.	2001	Anterior cingulate cortex, conflict monitoring, and levels of processing.	NeuroImage, 14, 1302-1308.
Braver TS, & Cohen JD.	2000	On the control of control: The role of dopamine in regulating prefrontal function and working memory.	In Monsell S & Driver J. (Eds.), Control of Cognitive Processes, (pp. 713-737).
Carter CS, Macdonald AM, Botvinick M, Ross LL, Stenger VA, Noll D, & Cohen JD.	2000	Parsing executive processes: Strategic versus evaluative functions of the anterior cingulate cortex.	Proceedings of the National Academy of Sciences. 97(4), 1944-1948.
Cohen JD.	2000	Special Issue.	NeuroImage, 11, 378-379.
Cohen JD, Botvinick MM, & Carter CS.	2000	Anterior cingulate and prefrontal cortex: Who's in control?	Nature Neuroscience, 3(5), 421-423.
Delgado MR, Nystrom LE, Fissell C, Noll DC, & Fiez JA.	2000	Tracking the hemodynamic responses to reward and punishment in the striatum.	Journal of Neurophysiology, 84, 3072-3077.
Goddard N, Hood G, Cohen JD, Nystrom LE, Eddy WF, Genovese CR, & Noll DC.	2000	Functional MRI datasets analyzed online.	Koniges A. (Ed.) Parallel Computing for Industrial Applications, (pp. 431-449), San Francisco: Morgan Kaufmann.
MacDonald AW, Cohen JD, Stenger VA, & Carter CS.	2000	Dissociating the role of the DLPFC & ACC in cognitive control.	Science, 288, 1835-1838.
Nystrom LE, Braver TS, Sabb FW, Delgado MR, Noll DC, & Cohen JD.	2000	Working memory for letters, shapes, and locations: fMRI evidence against stimulus-based regional organization in human prefrontal cortex.	NeuroImage, 11, 424-446.
Aston-Jones G, Rajkowski J, & Cohen JD.	1999	Role of locus coeruleus in attention and behavioral flexibility.	Biological Psychiatry, 46(9), 1309-1320.
Barch DM, Carter CS, Hachten PC, Usher M, & Cohen JD.	1999	The "benefits" of distractibility: mechanisms underlying increased stroop effects in schizophrenia.	Schizophrenia Bulletin, 25(4): 749-762.
Barch DM, Carter CS, Perlstein WM, Baird J, Cohen JD, & Schooler N.	1999	Increased stroop facilitation effects in schizophrenia are not due to increased automatic spreading activation.	Schizophrenia Research, 39(1), 51-64.
Barch DM, Sabb FW, Carter CS, Braver TS, Noll DC, & Cohen JD.	1999	Overt verbal responding during fMRI scanning: Empirical investigations of problems and potential solutions.	NeuroImage, 10(6), 642-657.
Botvinick M, Nystrom LE, Fissell K, Carter CS, & Cohen JD.	1999	Conflict monitoring vs. selection-for-action in anterior cingulate cortex.	Nature, 402(6578), 179-181.
Braver TS, Barch DM, & Cohen JD.	1999	Cognition and control in schizophrenia: A computational model of dopamine and prefrontal function.	Biological Psychiatry, 46, 312-328.
Braver TS, & Cohen JD.	1999	Dopamine, cognitive control, and schizophrenia: The gating model.	Progress in Brain Research. 121, 327-349.
Carter CS, Botvinick MM, & Cohen JD.	1999	The contribution of the anterior cingulate cortex to executive processes in cognition.	Reviews in the Neurosciences, 10, 49-57.
Cohen JD, Barch DM, Carter C, & Servan-Schreiber D.	1999	Context-processing deficits in schizophrenia: Converging evidence from three theoretically motivated cognitive tasks.	Journal of Abnormal Psychology, 108(1), 120-133.
O'Reilly RC, Braver TS, & Cohen JD.	1999	A biologically-based computational model of working memory.	In Miyake A, Shah P (Eds.) Models of Working Memory: Mechanisms of Active Maintenance and Executive Control (pp. 102-134). New York: Cambridge University Press.
Usher M, & Cohen JD.	1999	Short term memory and selection processes in a frontal-lobe model.	In Heinke D, Humphries GW & Olsen A (Eds.), Connectionist Models in Cognitive Neuroscience. Springer-Verlag.
Usher M, Cohen JD, Servan-Schreiber D, Rajkowski J, & Aston-Jones G.	1999	The role of locus coeruleus in the regulation of cognitive performance.	Science, 283, 549-554.
Aston-Jones G, Rajkowski J, Kubiak P, Ivanova S, Usher M, & Cohen JD.	1998	Neuromodulation and cognitive performance: Recent studies of noradrenergic locus coeruleus neurons in behaving monkeys.	In Goldstein D. (Ed.), Catecholamines: Bridging Basic Science with Clinical Medicine, New York: Academic Press, 755-759.
Botvinick MM, Braver TS, Carter CS, Barch DM, & Cohen JD.	1998	Toward a non-homuncular account of control: Cognitive neuroscientific evidence for crosstalk monitoring.	Center for the Neural Basis of Cognition Technical Report TR001-98.
Botvinick MM, & Cohen JD.	1998	Rubber hands "feel" touch that eyes see.	Nature, 391, 756.
Carter CS, Braver TS, Barch DM, Botvinick MM, Noll D, & Cohen JD.	1998	Anterior cingulate cortex, error detection and the on-line monitoring of performance.	Science, 280, 747-749.
Carter CS, Perlstein W, Ganguli R, Brar J, Mintun M, & Cohen JD.	1998	Functional hypofrontality and working memory dysfunction in schizophrenia.	The American Journal of Psychiatry, 155(9), 1285-1287.
Casey BJ, Cohen JD, O'Craven K, Davidson RJ, Irwin W, & Turski PA.	1998	Reproducibility of fMRI results across four institutions using a spatial working memory task.	NeuroImage, 8(3), 249-261.
Cohen JD, Usher M, & McClelland JL.	1998	A PDP approach to set size effects within the Stroop task.	Psychological Review, 105, 188-194.
Servan-Schreiber D, Bruno R, Carter C, Bruno R, & Cohen JD.	1998	Dopamine and the mechanisms of cognition. Part I: A neural network model predicting dopamine effects on selective attention.	Biological Psychiatry, 43, 713-722.
Servan-Schreiber D, Carter C, Bruno R, & Cohen JD.	1998	Dopamine and the mechanisms of cognition. Part II: D-amphetamine effects in human subjects performing a selective attention task.	Biological Psychiatry, 43, 723-729.
Servan-Schreiber D, Perlstein WM, Cohen JD, & Mintun M.	1998	Selective pharmacological activation of limbic structures in human volunteers: A positron emission tomography study.	Journal of Neuropsychiatry and Clinical Psychiatry, 10, 148-159.
Armony JL, Servan-Schreiber D, Cohen JD, & LeDoux JE.	1997	Computational modeling of emotion: Explorations through the anatomy and physiology of fear conditioning.	Trends in Cognitive Sciences, 1(1), 28-34.
Armony JL, Servan-Schreiber D, Romanski LM, Cohen JD, & LeDoux JE.	1997	Stimulus generalization of fear responses: Effects of auditory cortex lesions in a computational model and rats.	Cerebral Cortex 7, 157-165.
Barch DM, Braver TS, Nystrom LE, Forman SD, Noll DC, & Cohen JD.	1997	Dissociating working memory from task difficulty in human prefronal cortex.	Neuropsychologia, 35(10), 1373-1480.
Berns GS, Cohen JD, & Mintun MA.	1997	Brain regions responsive to novelty in the absence of awareness.	Science, 276, 1272-1275.
Braver TS, Cohen JD, Nystrom LE, Jonides J, Smith E, & Noll DC.	1997	A parametric study of prefrontal cortex involvement in human working memory.	NeuroImage, 5, 49-62.
Carter CS, Mintun M, Nichols T, & Cohen JD.	1997	Anterior cingulate gyrus dysfunction and selective attention deficits in schizophrenia.	American Journal of Psychiatry, 154(12), 1670-75.
Casey BJ, Trainor RJ, Orendi JL Schubert AB, Nystrom LE, Giedd JN, Castelanos FX, Haxby JV, Noll DC, Cohen JD, Forman SD, Dahl RE, & Rapoport JL.	1997	A developmental functional MRI study of prefrontal activation during performance of a Go-No-Go task.	Journal of Cognitive Neuroscience, 9(6), 835-847.
Cohen JD.	1997	Brain terrain. A review of NeuroImage: A journal of brain function.	Nature, 389, 142.
Cohen JD.	1997	Dimensions of consciousness: A commentary on Kinsbourne and Hobson.	In Cohen JD, Schooler JW (Eds.), Scientific Approaches to Consciousness: 25th Carnegie Symposium on Cognition (pp. 397-402). New Jersey: Lawrence Erlbaum Associates.
Cohen JD, Dunbar KO, Barch D, & Braver.	1997	Issues concerning relative speed of processing hypotheses, schizophrenic performance deficits, and prefrontal function: Comment on Schooler et al.	Journal of Experimental Psychology (Gen), 125(1), 37-41.
Cohen JD, Perlstein WM, Braver TS, Nystrom LE, Noll DC, Jonides J, & Smith E.	1997	Temporal dynamics of brain activation during a working memory task.	Nature, 386, 604-608.
Cohen JD, & Schooler JW.	1997	Science and sentience: Some questions regarding the scientific investigation of consciousness.	In Cohen JD, Schooler JW (Eds). Scientific Approaches to Consciousness: 25th Carnegie Symposium on Cognition (pp. 3-10). New Jersey: Lawrence Erlbaum Associates.
Cohen JD, & Smith EE.	1997	Response from Cohen and Smith: Tuning into the temporal dynamics of brain activation using fMRI (Adrian M. Owen).	Trends in Cognitive Sciences, 1(4), 126-127.
Goddard N, Hood G, Cohen JD, Eddy WF, Genovese CR, Noll DC, & Nystrom LE.	1997	Online analysis of functional MRI datasets on parallel platforms.	Journal of Supercomputing, 11, 295-318.
Macwhinney B, Cohen JD, & Provost J.	1997	The Psyscope experiment-building system.	Spatial Vision, 11(1), 99-101.
Noll DC, Genovese CR, Nystrom L, Vazquez A, Forman SD, Eddy WF, & Cohen JD.	1997	Estimating test-retest reliability in functional MR imaging II: Application to motor and cognitive activation studies.	Magnetic Resonance in Medicine, 38, 508-517.
Barch DM, Cohen JD, Servan-Schreiber D, Steingard S, Steinhauer S, & van Kammen DP.	1996	Semantic priming in schizophrenia: An examination of spreading activation using word pronunciation and multiple SOAs.	Journal of Abnormal Psychology, 105(4):592-601.
Casey BJ, Cohen JD, Noll D, Schneider W, Giedd J, & Rapoport JL.	1996	Functional magnetic resonance imaging: Studies of cognition.	In Bigler ED (Ed.), Handbook of Human Brain Function, Neuroimaging II: Clinical Application. New York: Plenum Press.
Cohen JD, Braver TS, & O'Reilly RC.	1996	A computational approach to prefrontal cortex, cognitive control and schizophrenia: Recent developments and current challenges.	Philosophical Transactions of the Royal Society of London, Biological Science, 351, 1515-1527.
Cohen, JD. & O'Reilly, RC.	1996	A preliminary theory of the interactions between prefrontal cortex and hippocampus that contribute to planning and prospective memory.	Brandimonte M. Einstein G. & McDaniel M. (eds.), In Prospective Memory: Theory and Applications. Hillsdale, NJ: Earlbaum.
Cohen JD, & Usher M.	1996	A neural network model of stroop interference and facilitation effects in schizophrenia.	Biological Psychiatry, 39(7), 568.
Keshavan MS, & Cohen JD.	1996	Magnetic resonance spectroscopy and functional MRI.	In Lewis S, Higgins N (Eds.), Brain Imaging in Psychiatry. Oxford, UK: Blackwell Science.
Servan-Schreiber D, & Cohen JD.	1996	Dopamine, frontal cortex, and schizophrenia: Model and data.	In Regia JA, Ruppin E, Berndt RS, (Eds.), Neural Modeling of Brain and Cognitive Disorders. Singapore: World Scientific Publishing.
Servan-Schreiber D, Cohen JD, & Steingard S.	1996	Schizophrenic deficits in the processing of context: A test of a theoretical model.	Archives of General Psychiatry, 53, 1105-1112.
Armony JL, Servan-Schreiber D, Cohen JD, & LeDoux JE.	1995	An anatomically-constrained neural network model of fear conditioning.	Behavioral Neuroscience, 109(2), 246-257.
Braver TS, Cohen JD, & Servan-Schreiber D.	1995	A computational model of prefrontal cortex function.	In Touretzky DS, Tesauro G, Leen TU (Eds.), Advances in Neural Information Processing System (pp. 141-148). Cambridge: MIT Press.
Carter CS, Mintun M, & Cohen JD.	1995	Interference and facilitation effects during selective attention: an H2150 PET study of Stroop task performance.	NeuroImage, 2, 264-272.
Casey BJ, Cohen JD, Jezzard P, Turner R, Noll DC, Trainor RJ, Giedd J, Kaysen D, Hertz-Pannier L, & Rapoport JL.	1995	Activation of prefrontal cortex in children during a non-spatial working memory task with functional MRI.	NeuroImage, 2 221-229.
Forman SD, Cohen JD, Fitzgerald M, Eddy WF, Mintun MA, & Noll DC.	1995	Improved assessment of significant activation in functional magnetic resonance imaging (fMRI): Use of a cluster-size threshold.	Magnetic Resonance in Medicine, 33, 636-647.
Noll DC, Cohen JD, Meyer CH, & Schneider W.	1995	Spiral K-space imaging of cortical activation.	Journal of Magnetic Resonance Imaging, 5(1), 49-56.
Usher M, Cohen JD, Servan-Schreiber D, Rajkowski J, Kubiack P, & Aston-Jones G.	1995	A computational model of locus coereleus function and its influence on behavioral performance in primate.	Parallel Distributed Processing and Cognitive Neuroscience, Technical Report PDP.CNS.95.1.
Cohen JD, & Huston TA.	1994	Progress in the use of interactive models for understanding attention and performance.	In Umilta C, Moscovitch M (Eds.), Attention and Performance XV: Conscious and Nonconscious Information Processing (pp. 453-476). Cambridge: MIT Press.
Cohen JD, Forman SD, Braver TS, Casey BJ, Servan-Schreiber D, & Noll DC.	1994	Activation of prefrontal cortex in a non-spatial working memory task with functional MRI.	Human Brain Mapping. 1, 293-304.
Cohen JD, Romero RD, Servan-Schreiber D, & Farah MJ.	1994	Mechanisms of spatial attention: The relation of macrostructure to microstructure in parietal neglect.	Journal of Cognitive Neuroscience, 6(4), 377-387.
Cohen JD, & Servan-Schreiber D.	1994	Schizophrenic deficits: Neuroleptics and the prefrontal cortex-a reply.	Schizophrenia Bulletin, 20(3), 417-421.
Cohen JD, Forman SD, Braver TS, Casey BJ, Servan-Schreiber D & Noll DC	1993	Activation of Prefrontal Cortex in a Non-Spatial Working Memory Task with Functional MRI.	Technical Report PDP.CNS.93.3, Pittsburgh PA: Carnegie Mellon University.
Cohen JD, MacWhinney B, Flatt M, & Provost J.	1993	PsyScope: An interactive graphic system for designing and controlling experiments in the psychology laboratory using Macintosh computers.	Behavioral Research Methods, Instruments & Computers, 25(2), 257-271.
Cohen JD, Noll DC, & Schneider W.	1993	Functional magnetic resonance imaging: Overview and methods for psychological research.	Behavioral Research Methods, Instruments & Computers, 25(2), 101-113.
Cohen JD, Romero R, Servan-Schreiber D, & Farah MJ.	1993	Disengaging from the disengage function: The relation of macrostructure to microstructure in parietal attentional deficits.	Technical Report PDP.CNS.93.2, Pittsburgh, PA: Carnegie Mellon University.
Cohen JD, & Servan-Schreiber D.	1993	A theory of dopamine function and its role in cognitive deficits in schizophrenia.	Schizophrenia Bulletin, 19(1), 85-104.
Forman SD, Cohen JD, & Johnson MH.	1993	Frontal eye fields: Inhibition through competition.	Behavioral and Brain Sciences, 16(3), 578.
Schneider W, Noll DC, & Cohen JD.	1993	Functional topographic mapping of the cortical ribbon in human vision with conventional MRI scanners.	Nature, 365, 150-153.
Cohen JD, & Servan-Schreiber D.	1992	Context, cortex and dopamine: A connectionist approach to behavior and biology in schizophrenia.	Psychological Review, 99(1), 45-77.
Cohen JD, & Servan-Schreiber D.	1992	Introduction to neural network models in psychiatry.	Psychiatric Annals, 22(3), 113-118.
Cohen JD, & Servan-Schreiber D.	1992	A neural network model of disturbances in the processing of context in schizophrenia.	Psychiatric Annals, 22(3), 131-136.
Cohen JD, Servan-Schreiber D, McClelland JL	1992	A parallel distributed processing approach to automacity.	American Journal of Psychology 105(2):239-269.
Cohen JD, Servan-Schreiber D, Targ E, & Spiegel D.	1992	The fabric of thought disorder: A cognitive neuroscience approach to disturbances in the processing of context in schizophrenia.	Cognitive Science and Clinical Disorders, pp. 99-127.
Nystrom LE, & McClelland JL.	1992	Trace synthesis in cued recall.	Journal of Memory and Language, 31(5), 591-614.
Servan-Schreiber D, & Cohen JD.	1992	A neural network model of catecholamine modulation of behavior.	Psychiatric Annals, 22(3), 125-129.
Servan-Schreiber D, & Cohen JD.	1991	Models of neuromodulation and information processing deficits in schizophrenia.	Revue Internationale de Psychopathologie, 1, 113-134.
Cohen JD, Dunbar K, & McClelland JL.	1990	On the control of automatic processes: A parallel distributed processing account of the Stroop effect.	Psychological Review, 97(3), 332-361.
Servan-Schreiber D, Printz H, & Cohen JD.	1990	A network model of catecholamine effects: Gain, signal-to-noise ratio and behavior.	Science, 249, 892-895.
Servan-Schreiber D, Printz H, & Cohen JD.	1989	The effect of catecholamines on performance: From unit to system behavior.	In Touretzky DS (Ed.), Advances in Neural Information Processing Systems, [Collected Papers] IEEE Conference on Neural Information Processing Systems - Natural and Synthetic.
Cohen JD, Van Putten T, Marder SR, & Stahl SM.	1987	Treatment of the symptoms of schizophrenia with piquindone: A new atypical neuroleptic.	Psychopharmacology Bulletin, 23(3), 514-518.
Cohen JD, Van Putten T, Marder S, Berger PA, & Stahl SM.	1987	The efficacy of piquindone, a new atypical neuroleptic in the treatment of the positive and negative symptoms of schizophrenia.	Journal of Clinical Psychopharmacology, 7(5), 324-329.
